"Name","G","PA","AB","H","2B","3B","HR","R","RBI","BB","SO","HBP","SB","CS","AVG","OBP","SLG","OPS","wOBA","Fld","BsR","WAR","playerid"
"Joey Votto","137","605","479","143","32","3","24","85","81","117","112","6","10","4",".299",".440",".528",".968",".414","5.4","-0.2","5.9","4314"
"Prince Fielder","157","680","560","169","33","1","33","84","117","98","102","15","1","3",".302",".415",".541",".956",".404","-6.4","-1.6","4.8","4613"
"Miguel Cabrera","155","673","588","184","37","2","32","104","120","78","93","4","5","2",".313",".395",".546",".941",".398","-7.0","-0.4","6.0","1744"
"Giancarlo Stanton","139","562","488","134","31","3","36","79","86","65","147","6","5","4",".275",".365",".572",".936",".395","5.7","-1.0","5.0","4949"
"Ryan Braun","152","662","588","179","38","4","33","95","113","62","118","8","23","5",".304",".376",".551",".927",".394","0.4","2.1","5.7","3410"
"Jose Bautista","118","499","414","106","20","2","32","73","80","78","92","4","6","2",".256",".378",".546",".923",".394","0.5","0.0","4.2","1887"
"Troy Tulowitzki","114","484","427","128","26","3","25","69","83","48","70","3","8","3",".300",".370",".550",".920",".391","7.4","0.0","4.9","3531"
"Lance Berkman","76","300","254","74","19","0","12","33","47","45","58","0","2","1",".291",".397",".508",".905",".388","0.0","-0.3","1.5","548"
"Carlos Gonzalez","148","632","565","171","32","6","30","100","98","59","127","4","23","5",".303",".371",".540",".911",".388","4.6","2.1","4.4","7287"
"Robinson Cano","157","678","617","186","44","3","31","97","102","50","88","7","4","3",".301",".358",".533",".892",".380","0.0","-0.9","5.6","3269"
"Shin-Soo Choo","138","621","531","153","29","3","23","87","78","65","124","22","17","5",".288",".386",".484",".870",".380","-11.2","0.8","4.0","3174"
"Carlos Santana","139","580","486","132","32","2","21","76","78","88","105","3","4","3",".272",".384",".475",".860",".375","-2.7","-0.9","5.0","2396"
"Albert Pujols","147","647","563","161","39","0","31","87","94","73","68","6","9","3",".286",".371",".520",".891",".373","4.5","0.1","4.5","1177"
"Bryce Harper","153","646","576","163","27","6","31","93","78","62","136","2","20","9",".283",".353",".512",".865",".372","7.6","-0.1","4.9","11579"
"Dexter Fowler","156","635","545","150","27","11","23","81","59","77","150","3","16","8",".275",".366",".492",".858",".371","-5.5","-0.5","3.2","4062"
"Kevin Youkilis","118","498","427","115","24","2","21","67","67","53","107","16","2","1",".269",".369",".482",".852",".370","-5.2","-0.4","3.1","1935"
"Michael Cuddyer","126","523","477","139","29","4","23","70","81","41","83","2","9","2",".291",".348",".514",".862",".370","-9.5","0.6","1.4","1534"
"Justin Upton","157","665","582","160","32","4","31","101","85","70","152","8","20","8",".275",".358",".503",".861",".369","1.9","0.3","4.3","5222"
"Adrian Gonzalez","155","669","595","179","34","1","26","73","100","65","109","5","1","0",".301",".373",".492",".865",".369","6.5","-0.4","4.5","1908"
"Mike Trout","157","701","619","173","31","11","27","120","76","69","151","7","43","7",".279",".356",".496",".852",".368","6.5","5.3","6.4","10155"
"Freddie Freeman","145","597","528","149","31","2","24","81","97","60","123","6","3","2",".282",".360",".485",".845",".366","-1.8","-0.7","2.7","5361"
"Andrew McCutchen","157","668","581","163","34","5","24","107","90","74","118","7","28","11",".281",".366",".480",".846",".366","-0.6","0.7","5.1","9847"
"Billy Butler","157","654","576","168","33","1","23","73","99","69","94","6","2","1",".292",".372",".472",".844",".364","0.2","-0.6","3.0","7399"
"Aramis Ramirez","121","504","458","131","33","2","20","63","86","35","71","8","4","1",".286",".345",".498",".843",".363","-6.8","0.0","2.3","1002"
"Josh Willingham","128","530","444","108","24","1","25","64","77","70","131","13","4","1",".243",".360",".471",".831",".363","-6.3","-0.1","2.5","2103"
"Jed Lowrie","97","376","333","92","24","1","14","53","44","39","58","2","2","1",".276",".354",".480",".834",".362","-6.8","-0.3","2.4","4418"
"Buster Posey","141","578","509","148","29","3","17","70","83","58","92","8","3","1",".291",".370",".460",".830",".361","4.0","-0.3","5.3","9166"
"Travis Hafner","89","351","302","80","12","1","16","43","53","38","73","9","0","0",".265",".362",".470",".832",".361","0.0","-0.3","1.2","1573"
"Matt Holliday","143","615","534","148","35","1","21","83","91","69","102","9","5","4",".277",".367",".464",".832",".360","-1.1","-1.1","3.2","1873"
"Anthony Rizzo","157","646","575","152","31","2","32","83","111","59","142","9","8","4",".264",".341",".492",".833",".359","4.3","-0.5","3.1","3473"
"Paul Goldschmidt","156","652","574","155","40","2","26","84","97","69","179","4","11","2",".270",".350",".483",".832",".358","-2.4","0.9","2.1","9218"
"Chris Davis","144","574","520","139","29","1","32","67","98","43","172","6","3","2",".267",".328",".512",".839",".357","-4.5","-0.6","1.9","9272"
"Evan Longoria","129","548","471","126","24","2","21","71","80","66","111","7","6","3",".268",".363",".461",".824",".357","11.8","-0.5","5.1","9368"
"Jason Kubel","126","505","455","122","26","3","24","62","85","45","119","2","1","1",".268",".335",".497",".831",".356","-1.5","-0.6","2.0","2161"
"Dustin Pedroia","137","620","549","162","34","2","15","77","65","62","70","4","19","5",".295",".369",".446",".815",".356","5.9","1.3","4.5","8370"
"Torii Hunter","137","582","536","164","27","3","17","81","87","35","113","7","5","3",".306",".355",".463",".817",".356","3.9","-0.7","3.2","731"
"Paul Konerko","135","565","500","138","22","0","26","58","83","52","82","8","0","0",".276",".350",".476",".826",".356","-3.8","-0.5","1.6","242"
"Adam Jones","157","666","620","183","35","4","25","98","91","30","122","11","13","5",".295",".337",".485",".822",".356","-6.3","0.1","3.7","6368"
"Carlos Quentin","114","435","373","94","27","1","17","53","62","37","64","21","1","1",".252",".349",".466",".816",".355","-9.1","-0.5","1.7","6274"
"Ben Zobrist","150","636","541","144","36","4","18","81","83","84","104","3","16","5",".266",".365",".447",".812",".355","5.0","0.7","4.8","7435"
"Edwin Encarnacion","133","549","479","121","24","0","28","72","80","59","92","8","7","2",".253",".342",".478",".821",".354","2.6","0.2","2.4","2151"
"Joe Mauer","134","575","505","151","31","2","11","74","61","64","74","3","4","3",".299",".379",".434",".813",".354","-1.8","-0.9","3.7","1857"
"Matt Kemp","139","588","525","144","29","3","26","95","95","54","142","4","18","6",".274",".344",".490",".833",".353","-4.7","0.8","3.6","5631"
"Jose Reyes","136","609","554","169","31","9","12","81","57","48","52","0","38","8",".305",".359",".458",".817",".353","-2.5","3.9","4.3","1736"
"Ian Kinsler","141","648","571","154","28","3","24","93","76","63","78","9","19","8",".270",".350",".455",".805",".352","4.6","0.1","4.1","6195"
"David Wright","143","620","540","149","33","3","17","85","90","74","125","3","21","8",".276",".365",".443",".807",".350","-1.6","0.5","3.9","3787"
"Chase Utley","110","479","414","108","19","6","16","65","66","48","63","13","15","1",".261",".353",".452",".805",".350","4.2","2.2","3.5","1679"
"Alex Gordon","150","663","590","167","38","6","15","92","72","64","132","5","10","5",".283",".356",".444",".801",".350","4.8","-0.6","3.6","5209"
"Chris Carter","135","582","515","125","25","3","31","80","79","60","182","4","4","2",".243",".325",".483",".808",".349","-5.2","-0.4","1.7","9911"
"Wilin Rosario","121","468","440","121","18","2","26","53","69","24","119","1","6","4",".275",".312",".502",".814",".349","-1.0","-0.7","2.5","8002"
"Matt Adams","111","458","428","123","26","1","19","53","71","26","99","1","2","1",".287",".328",".486",".813",".348","-0.7","-0.3","1.8","9393"
"Adrian Beltre","140","582","543","155","30","1","26","66","84","32","72","4","2","1",".285",".328",".488",".816",".348","5.1","-0.4","3.6","639"
"Evan Gattis","93","413","376","97","22","3","21","43","63","27","75","6","2","4",".258",".315",".500",".815",".348","-2.6","-1.4","2.4","11003"
"Seth Smith","129","440","388","104","28","3","13","51","51","47","93","3","3","2",".268",".350",".456",".806",".348","-2.6","-0.5","1.1","7331"
"Mike Napoli","119","460","405","98","21","1","24","54","69","47","129","6","2","1",".242",".328",".477",".805",".348","-2.2","-0.3","1.1","3057"
"Pablo Sandoval","137","557","507","145","28","3","19","66","82","44","68","3","2","3",".286",".345",".465",".810",".347","4.2","-1.2","3.8","5409"
"Nick Swisher","143","602","514","130","30","1","19","68","70","76","135","7","1","2",".253",".355",".426",".781",".345","3.8","-1.1","2.5","4599"
"Austin Jackson","151","688","608","171","26","9","15","110","58","68","149","3","16","7",".281",".355",".428",".782",".344","4.7","-0.2","4.4","9848"
"Vernon Wells","118","469","434","114","23","2","23","62","59","31","69","2","8","3",".263",".313",".484",".797",".344","0.0","0.1","1.8","1326"
"Jay Bruce","155","639","573","148","33","4","28","87","97","60","163","3","7","6",".258",".330",".476",".807",".343","0.9","-1.4","2.2","9892"
"Ryan Zimmerman","142","611","544","148","31","3","20","75","88","60","109","2","4","1",".272",".344",".450",".794",".343","-1.4","-0.1","3.2","4220"
"Lucas Duda","147","568","491","122","26","2","21","62","76","65","133","9","1","0",".248",".345",".438",".783",".343","-10.0","-0.3","1.3","2502"
"Aaron Hill","145","618","562","154","34","3","21","73","78","45","73","7","10","6",".274",".334",".457",".791",".342","2.1","-0.8","3.0","6104"
"Todd Helton","87","341","299","79","18","1","10","33","48","38","54","2","1","1",".264",".349",".431",".780",".342","1.5","-0.5","0.6","432"
"Nelson Cruz","139","569","523","141","36","1","22","61","81","39","125","4","9","3",".270",".323",".468",".792",".342","-1.6","0.2","1.5","2434"
"Todd Frazier","145","567","513","132","30","4","23","69","83","44","138","7","12","4",".257",".323",".466",".789",".341","0.5","0.4","3.1","785"
"Josh Hamilton","138","597","537","141","28","4","26","74","89","49","139","5","6","2",".263",".327",".475",".801",".341","0.5","0.0","2.7","1875"
"Coco Crisp","112","488","439","121","26","5","13","78","48","43","56","0","34","6",".276",".339",".446",".785",".341","-4.5","4.0","2.5","1572"
"Nick Markakis","141","631","569","161","32","3","16","74","64","55","74","4","5","2",".283",".349",".434",".783",".341","-5.2","-0.3","1.7","5930"
"Andre Ethier","142","590","522","142","31","1","17","70","75","57","121","8","2","3",".272",".351",".433",".784",".340","-1.9","-1.3","2.1","6265"
"Alex Rios","151","618","580","164","32","4","22","77","75","31","86","4","22","8",".283",".322",".466",".788",".340","1.5","0.8","2.2","2090"
"Yoenis Cespedes","141","622","559","148","23","3","25","90","84","52","112","6","11","6",".265",".331",".451",".782",".339","-3.3","-0.7","2.1","13110"
"Melky Cabrera","157","649","598","176","31","7","14","90","69","44","85","1","16","5",".294",".342",".440",".782",".339","-6.1","0.7","1.8","4022"
"Carl Crawford","110","454","420","120","22","8","11","68","45","27","79","3","22","9",".286",".332",".455",".787",".339","3.6","0.5","2.4","1201"
"Nate Schierholtz","128","339","307","85","19","3","10","44","36","24","54","3","7","3",".277",".333",".456",".789",".339","2.0","0.0","1.2","6201"
"Brandon Phillips","149","653","602","172","35","2","21","91","91","34","83","7","12","5",".286",".329",".455",".784",".339","2.5","-0.1","3.4","791"
"Starlin Castro","157","687","648","192","32","12","16","83","77","32","92","3","23","10",".296",".330",".457",".787",".339","-1.6","0.1","3.6","4579"
"Daniel Murphy","126","492","456","136","33","3","9","60","69","30","58","1","5","3",".298",".340",".443",".783",".339","-5.2","-0.6","2.1","4316"
"John Jaso","109","383","327","86","17","2","8","46","47","48","51","3","3","1",".263",".361",".401",".761",".339","-5.2","-0.2","1.9","5887"
"Jason Heyward","152","602","528","130","25","4","23","83","70","63","125","8","16","7",".246",".334",".439",".773",".338","12.3","0.0","3.4","4940"
"Matt Carpenter","136","521","453","121","31","4","9","68","56","56","94","6","4","2",".267",".353",".413",".766",".338","-0.6","-0.4","2.6","8090"
"Mark Trumbo","151","612","570","151","29","2","29","69","94","35","141","4","5","4",".265",".310",".475",".786",".337","-1.0","-1.0","1.7","6876"
"Martin Prado","150","674","619","180","38","4","15","89","71","44","69","2","8","6",".291",".337",".438",".775",".337","1.6","-1.3","2.5","3312"
"Jayson Werth","123","522","460","118","23","2","18","67","60","53","120","6","13","2",".257",".339",".433",".772",".337","-1.2","1.4","1.8","1327"
"Yadier Molina","142","560","510","146","27","0","16","58","73","39","51","4","8","4",".286",".340",".433",".773",".337","7.8","-0.4","4.7","7007"
"Ryan Ludwick","112","433","386","98","19","1","18","50","76","39","94","4","1","2",".254",".326",".448",".775",".337","-1.8","-0.9","1.3","1260"
"Eric Hosmer","153","622","559","153","26","3","18","74","76","57","94","3","15","3",".274",".342",".428",".770",".336","-3.7","1.3","1.5","3516"
"Domonic Brown","132","515","465","122","24","4","19","58","63","44","106","3","11","6",".262",".328",".454",".782",".336","-3.2","-0.6","1.2","3154"
"Miguel Montero","131","529","454","120","24","2","14","58","76","60","110","7","0","1",".264",".353",".419",".772",".336","3.4","-0.9","3.3","3364"
"Mark Reynolds","143","581","502","110","25","1","31","76","87","68","189","6","7","4",".219",".317",".458",".775",".335","-15.7","-0.6","-0.2","7619"
"Justin Morneau","110","466","418","112","25","1","14","53","61","43","79","3","0","0",".268",".339",".433",".772",".335","-0.2","-0.4","1.3","1737"
"Carlos Beltran","119","474","421","109","19","3","17","51","69","49","84","2","6","3",".259",".338",".439",".777",".335","-1.3","-0.4","1.6","589"
"Daniel Nava","107","426","366","93","23","1","11","47","48","44","79","11","4","2",".254",".348",".413",".761",".335","0.9","-0.4","0.7","5450"
"Allen Craig","128","505","466","127","30","1","17","63","82","32","93","3","3","1",".273",".321",".451",".771",".334","-1.8","-0.2","1.2","3433"
"Rickie Weeks","136","607","529","129","26","3","21","78","58","62","149","13","11","3",".244",".336",".423",".760",".334","-8.0","0.5","2.0","1849"
"Michael Morse","125","485","447","116","16","1","24","57","64","26","124","9","1","1",".260",".311",".461",".772",".334","-3.1","-0.6","1.5","3035"
"Jean Segura","129","539","496","146","21","8","10","59","56","32","80","4","23","8",".294",".340",".429",".770",".333","0.0","1.0","2.9","5933"
"David Freese","108","410","369","101","18","1","11","45","56","34","87","4","2","2",".274",".340",".417",".757",".333","0.0","-0.7","1.9","9549"
"Mike Carp","116","450","409","107","24","1","16","61","63","33","100","5","3","3",".262",".322",".443",".765",".333","-4.4","-0.9","0.4","7480"
"Ryan Howard","118","498","443","110","23","2","22","58","86","47","141","4","1","0",".248",".323",".458",".782",".333","-3.8","-0.1","0.7","2154"
"Norichika Aoki","150","651","592","174","34","4","8","78","55","43","56","10","19","5",".294",".350",".405",".756",".332","5.6","1.2","2.6","13075"
"Jacoby Ellsbury","108","488","453","126","25","6","12","62","56","29","62","3","29","6",".278",".324",".439",".764",".332","0.7","3.1","2.4","4727"
"Shane Victorino","147","647","582","161","30","9","12","80","67","50","81","5","29","9",".277",".336",".421",".757",".331","3.8","1.7","2.3","1677"
"David DeJesus","130","517","456","119","28","5","10","68","45","48","82","7","4","5",".261",".339",".410",".749",".330","-1.1","-1.6","1.7","1825"
"Kendrys Morales","111","440","399","105","20","1","15","46","54","36","84","3","1","2",".263",".327",".431",".758",".329","0.0","-0.9","0.8","8610"
"A.J. Pierzynski","124","478","448","128","19","3","15","46","58","17","57","7","1","1",".286",".319",".442",".761",".329","-2.6","-0.6","2.0","746"
"Carlos Pena","137","536","451","96","23","2","21","69","62","75","159","7","2","2",".213",".332",".412",".745",".328","-0.9","-0.8","0.7","934"
"Jonny Gomes","113","382","328","77","15","1","13","45","48","45","107","7","4","2",".235",".338",".405",".743",".328","-6.2","-0.3","-0.5","1845"
"Cody Ross","119","460","419","107","25","1","17","57","65","34","103","4","4","2",".255",".315",".442",".757",".327","0.0","-0.3","1.0","1760"
"Chris Denorfia","131","408","370","103","22","4","6","55","34","32","61","2","11","4",".278",".337",".408",".746",".327","2.7","0.3","1.8","4400"
"Starling Marte","140","593","550","152","27","14","11","81","71","25","137","12","24","12",".276",".320",".436",".757",".327","3.7","-0.4","2.1","9241"
"Garrett Jones","146","521","481","125","29","2","19","60","72","36","115","1","6","2",".260",".311",".447",".758",".327","-4.0","0.0","1.0","2714"
"Jose Altuve","157","680","628","184","32","5","10","81","53","39","81","4","29","12",".293",".336",".408",".744",".327","-3.3","0.5","2.4","5417"
"Colby Rasmus","149","584","525","126","26","4","25","82","72","51","159","3","5","3",".240",".309",".448",".757",".327","-0.7","-0.6","2.2","9893"
"Jimmy Rollins","135","597","542","141","32","4","17","80","64","50","76","1","24","5",".260",".322",".428",".750",".326","0.8","2.4","3.1","971"
"Gerardo Parra","152","547","493","137","28","7","9","63","45","42","99","4","15","6",".278",".338",".418",".755",".326","-0.9","0.2","1.2","8553"
"B.J. Upton","154","647","578","139","32","4","24","85","74","60","169","3","35","10",".240",".314",".434",".748",".326","2.8","2.6","3.2","5015"
"Michael Young","145","616","572","165","29","5","11","67","67","40","81","1","4","2",".288",".334",".414",".749",".325","-7.7","-0.5","1.5","1286"
"Brett Gardner","105","392","334","86","13","4","6","58","31","44","63","5","25","10",".257",".351",".374",".725",".325","13.7","0.7","3.0","9927"
"Hunter Pence","157","667","613","163","26","3","22","84","91","47","129","3","13","3",".266",".319",".426",".745",".325","-2.1","0.9","1.8","8252"
"Kelly Shoppach","75","235","203","47","10","1","8","20","20","21","81","8","0","0",".232",".326",".409",".735",".325","-0.9","-0.2","1.4","3867"
"Brandon Moss","141","541","485","116","23","3","22","66","77","48","140","4","4","3",".239",".311",".435",".746",".325","2.5","-0.8","1.2","4467"
"Ian Desmond","152","615","570","153","33","5","19","71","66","31","130","4","21","6",".268",".308",".444",".752",".324","-0.8","1.4","2.9","6885"
"Matt Joyce","132","491","428","100","21","3","17","59","58","56","109","4","7","4",".234",".326",".416",".742",".324","-4.6","-0.6","0.7","3353"
"John Buck","116","438","393","95","16","1","21","45","76","35","99","4","0","0",".242",".307",".448",".754",".324","-1.8","-0.3","2.3","2041"
"Wilson Ramos","79","312","283","75","12","1","11","33","35","23","49","2","0","3",".265",".323",".431",".754",".324","1.8","-1.4","1.7","1433"
"Dan Uggla","149","618","532","122","21","0","23","86","75","77","154","6","3","3",".229",".332",".398",".730",".324","-5.4","-1.1","1.7","3442"
"Alejandro De Aza","141","582","525","141","30","5","13","76","57","40","107","5","22","10",".269",".323",".419",".743",".323","1.7","0.0","2.1","3371"
"Alex Avila","130","485","421","101","18","2","15","48","52","58","122","2","2","1",".240",".333",".399",".732",".323","-4.2","-0.4","2.1","7476"
"Eric Hinske","102","196","176","42","9","1","8","19","30","18","50","1","0","0",".239",".311",".438",".749",".323","-0.9","-0.1","0.4","1305"
"Yonder Alonso","152","596","536","143","31","2","14","53","65","53","101","2","5","2",".267",".332",".410",".743",".323","0.0","-0.3","1.4","2530"
"John Mayberry","143","463","420","106","26","1","15","57","53","37","105","3","6","3",".252",".315",".426",".742",".323","-2.9","-0.3","0.8","3390"
"J.P. Arencibia","123","481","449","106","27","2","25","51","76","26","142","3","1","0",".236",".281",".472",".753",".323","-3.4","-0.1","2.1","697"
"Will Venable","145","491","438","109","21","8","14","68","60","42","120","4","21","6",".249",".318",".429",".747",".323","0.9","1.5","2.0","211"
"Matt Wieters","147","586","522","130","25","1","20","64","73","58","107","3","1","0",".249",".326",".416",".742",".322","7.8","-0.3","3.7","4298"
"Conor Gillaspie","142","545","497","137","23","6","10","65","59","40","90","2","2","5",".276",".330",".406",".737",".322","2.2","-2.0","1.7","9009"
"Brandon Belt","147","547","478","118","29","4","11","63","61","63","124","3","12","4",".247",".336",".393",".730",".322","1.0","0.4","1.0","10264"
"Neil Walker","151","618","557","147","31","3","14","71","84","51","113","4","7","4",".264",".328",".406",".734",".322","-1.1","-0.7","2.2","7539"
"Welington Castillo","101","386","350","91","18","0","12","38","46","26","97","6","2","0",".260",".320",".414",".735",".321","-0.9","0.1","1.7","3256"
"Jon Jay","148","576","516","143","23","4","10","77","52","34","88","11","12","6",".277",".333",".395",".729",".321","-2.2","-0.5","1.9","5227"
"Khristopher Davis","117","440","386","92","21","1","13","46","52","43","125","8","5","4",".238",".326",".399",".725",".321","-5.1","-0.9","0.6","9112"
"Denard Span","130","586","524","145","27","7","4","73","42","53","58","2","18","6",".277",".344",".378",".722",".321","7.2","0.7","2.9","8347"
"Adam LaRoche","117","478","429","101","21","1","20","50","70","46","115","1","1","1",".235",".310",".429",".739",".320","3.9","-0.5","0.9","1904"
"Justin Ruggiano","121","458","416","106","27","1","13","50","51","35","107","2","18","5",".255",".314",".418",".733",".320","2.3","1.3","1.9","7620"
"Mike Baxter","111","355","310","78","17","4","5","46","30","38","72","5","8","4",".252",".341",".381",".721",".320","-1.1","-0.3","0.8","4464"
"Michael Bourn","153","693","626","171","30","9","9","92","47","55","139","4","43","12",".273",".334",".393",".727",".320","13.3","3.3","4.6","6387"
"Justin Maxwell","118","401","357","82","15","5","15","54","43","38","128","3","11","6",".230",".308",".426",".733",".320","6.0","-0.5","2.1","6827"
"Nolan Reimold","90","345","307","75","11","1","12","42","33","32","73","4","5","3",".244",".322",".404",".726",".320","-0.8","-0.5","0.1","3441"
"A.J. Ellis","106","400","338","84","19","1","6","32","42","50","73","5","0","1",".249",".352",".364",".716",".320","0.8","-0.8","2.2","5677"
"Kurt Suzuki","126","481","437","116","26","1","12","51","59","29","58","8","3","1",".265",".321",".412",".733",".320","0.0","-0.2","2.3","8259"
"Devin Mesoraco","99","381","338","81","20","2","12","40","46","37","78","4","1","2",".240",".320",".417",".737",".319","-0.9","-0.9","1.5","5666"
"Alfonso Soriano","138","549","511","128","27","2","23","59","80","31","131","4","5","2",".250",".297",".446",".743",".319","-0.2","-0.1","0.8","847"
"Jonathan Lucroy","127","474","431","115","18","3","12","47","63","33","74","4","4","1",".267",".322",".406",".728",".319","0.0","0.0","2.3","7870"
"Xavier Paul","116","314","288","77","14","2","9","38","41","18","71","2","11","4",".267",".313",".424",".737",".319","0.6","0.4","0.9","5963"
"Adam Dunn","134","562","477","93","18","0","29","65","78","79","192","3","3","1",".195",".311",".415",".726",".319","0.0","-0.2","0.2","319"
"Will Middlebrooks","128","519","488","123","25","1","23","51","77","24","138","3","7","3",".252",".289",".449",".738",".319","1.3","-0.1","1.7","7002"
"Ike Davis","126","502","441","101","20","1","20","61","65","57","126","1","1","2",".229",".317",".415",".732",".319","3.0","-1.0","1.0","8433"
"Chris Johnson","139","537","503","137","25","4","14","57","72","25","130","6","4","1",".272",".313",".421",".734",".318","-8.3","0.0","0.1","1191"
"Trevor Plouffe","136","539","485","116","25","4","19","65","55","38","107","9","4","4",".239",".304",".425",".729",".318","-8.5","-1.2","1.0","7462"
"Chris Nelson","125","455","420","113","19","4","11","46","55","29","92","2","4","3",".269",".318",".412",".730",".318","-5.6","-0.7","0.0","8175"
"Mitch Moreland","139","513","464","117","23","1","18","53","62","40","96","3","3","2",".252",".313",".422",".736",".318","0.2","-0.6","0.1","3086"
"Scott Hairston","108","303","279","68","16","2","12","37","41","17","59","4","6","2",".244",".294",".444",".738",".318","-3.5","0.2","0.2","1926"
"Jarrod Saltalamacchia","107","406","368","84","22","2","17","47","48","34","131","2","1","1",".228",".296",".438",".733",".318","-4.3","-0.5","1.3","5557"
"Chris Iannetta","96","355","301","68","9","1","13","36","42","44","85","4","2","2",".226",".328",".392",".720",".318","-2.5","-0.7","1.7","8267"
"Josh Rutledge","154","671","628","169","37","7","16","81","71","26","136","8","22","4",".269",".304",".427",".731",".317","-2.1","2.4","1.0","11167"
"Asdrubal Cabrera","149","649","584","148","31","2","18","79","70","50","118","6","11","6",".253",".317",".406",".723",".317","-5.3","-0.7","2.3","4962"
"Howie Kendrick","151","624","575","159","30","5","12","63","71","33","107","5","16","7",".277",".319",".409",".727",".316","2.2","0.0","2.5","4229"
"Jhonny Peralta","146","593","544","145","27","2","14","56","72","43","107","2","3","2",".267",".321",".401",".722",".316","2.9","-0.7","2.6","1738"
"Travis Snider","130","479","437","113","29","1","11","56","52","37","107","2","8","5",".259",".317",".405",".722",".316","-2.1","-0.7","0.8","2830"
"Brennan Boesch","134","505","468","119","22","4","17","57","59","30","112","4","6","3",".254",".303",".427",".730",".316","-7.6","-0.3","-0.3","914"
"Adam Lind","137","542","496","124","26","2","19","52","73","39","102","2","3","0",".250",".304",".425",".730",".316","-1.3","0.2","0.3","8027"
"David Murphy","138","500","454","116","21","3","13","46","53","42","77","2","10","6",".256",".320",".401",".721",".316","6.6","-0.8","1.0","6035"
"Justin Turner","115","376","344","95","24","1","4","41","35","22","46","6","4","2",".276",".329",".387",".716",".315","-4.6","-0.3","0.3","5235"
"Desmond Jennings","151","642","571","143","32","6","12","98","48","57","119","7","35","4",".250",".324",".391",".715",".315","2.6","4.9","3.3","1965"
"Chris Parmelee","147","583","517","130","23","3","14","58","64","57","122","4","3","3",".251",".328",".389",".716",".315","-1.5","-1.1","0.9","2554"
"Andy Dirks","126","491","446","119","19","3","11","58","50","34","82","3","11","3",".267",".320",".397",".717",".315","4.5","0.6","1.3","6453"
"Jesus Guzman","134","442","396","101","24","2","9","44","57","37","86","4","4","3",".255",".323",".394",".717",".315","-1.2","-0.7","1.2","3118"
"Salvador Perez","123","500","476","135","27","1","11","50","52","17","59","3","0","0",".284",".311",".414",".724",".314","3.6","-0.4","2.7","7304"
"Tyler Flowers","95","351","304","63","14","1","15","40","34","36","126","8","2","1",".207",".306",".408",".714",".314","-2.6","-0.2","1.3","9134"
"Angel Pagan","145","617","567","157","29","9","7","87","58","41","86","1","23","10",".277",".324",".397",".721",".314","6.4","0.2","2.8","2918"
"Victor Martinez","112","470","424","112","20","0","11","44","63","41","48","1","1","0",".264",".328",".389",".717",".314","0.0","-0.2","0.0","393"
"Juan Francisco","125","410","389","99","21","2","16","40","60","17","114","2","2","1",".254",".288",".442",".730",".314","-2.4","-0.3","0.9","6978"
"Mark Kotsay","92","184","169","48","10","0","2","11","17","13","19","1","1","3",".284",".337",".379",".716",".313","-2.9","-1.1","0.1","1042"
"Alberto Callaspo","140","549","492","131","22","1","10","56","53","50","58","1","4","3",".266",".333",".376",".709",".312","2.1","-0.9","2.0","3336"
"J.J. Hardy","139","596","552","139","28","2","21","66","69","35","95","2","0","0",".252",".297",".424",".721",".312","9.1","-0.4","3.0","3797"
"Chris Young","131","531","462","101","27","1","17","59","57","61","125","4","17","5",".219",".313",".392",".705",".312","5.3","1.0","1.7","3882"
"Manny Machado","150","637","582","147","28","5","17","69","70","44","118","4","10","5",".253",".308",".405",".714",".312","7.5","-0.4","2.5","11493"
"Michael Brantley","149","636","572","156","29","4","6","76","54","53","72","4","17","6",".273",".337",".369",".706",".312","0.8","0.5","1.3","4106"
"Yorvit Torrealba","79","283","254","69","12","0","5","24","25","22","46","2","3","2",".272",".332",".378",".710",".311","1.8","-0.4","0.7","1135"
"Eric Young","118","372","328","84","16","4","4","45","22","34","67","4","25","9",".256",".332",".366",".697",".311","1.7","1.1","0.3","7158"
"Leonys Martin","96","379","343","89","18","3","7","44","36","27","69","4","13","10",".259",".319",".391",".710",".311","1.3","-1.6","0.7","11846"
"Laynce Nix","102","237","217","52","11","1","9","28","31","19","63","0","0","1",".240",".300",".424",".724",".311","3.1","-0.6","0.6","1766"
"Geovany Soto","100","371","328","75","18","0","13","44","49","35","89","3","1","0",".229",".307",".402",".710",".311","-0.1","-0.1","1.4","3707"
"Kyle Blanks","61","228","202","45","11","2","7","29","18","21","71","4","1","0",".223",".307",".401",".708",".311","-2.6","0.0","0.5","49"
"Michael McKenry","88","310","277","65","17","0","10","30","35","27","76","2","1","1",".235",".305",".404",".710",".311","-0.9","-0.4","1.2","9628"
"Nate McLouth","117","460","401","95","20","2","11","56","35","46","82","5","13","2",".237",".322",".379",".701",".311","-3.2","1.4","0.3","3190"
"Dayan Viciedo","152","586","545","136","21","1","23","61","73","31","133","6","1","1",".250",".296",".418",".714",".310","-5.1","-0.6","-0.2","3917"
"Mike Moustakas","151","637","587","147","36","2","18","66","73","41","111","5","4","2",".250",".303",".411",".714",".310","3.5","-0.4","2.1","4892"
"Erick Aybar","141","581","534","149","29","5","7","70","44","25","66","7","20","5",".279",".317",".391",".708",".310","1.1","1.6","2.5","4082"
"Nick Punto","84","220","187","49","7","2","1","23","13","26","39","0","6","1",".262",".350",".337",".687",".310","3.5","0.6","1.1","1429"
"Jeff Francoeur","151","605","564","146","33","3","16","64","61","30","110","8","10","6",".259",".304",".413",".717",".310","0.0","-0.8","0.7","4792"
"Jedd Gyorko","131","570","515","130","28","0","14","71","67","48","125","2","4","3",".252",".316",".388",".704",".309","-3.3","-0.8","1.5","10816"
"Gaby Sanchez","142","519","461","113","25","1","12","52","58","49","81","4","3","1",".245",".320",".382",".702",".309","1.7","-0.2","0.8","3361"
"Casey Kotchman","124","446","405","106","18","1","10","41","51","31","45","6","2","1",".262",".321",".385",".707",".309","1.1","-0.4","0.4","1930"
"Kyle Seager","152","658","601","154","39","2","12","74","71","48","110","4","10","8",".256",".314",".388",".702",".309","-0.6","-1.7","2.1","9785"
"Elvis Andrus","157","707","617","166","24","8","3","80","58","64","91","4","32","10",".269",".340",".348",".688",".309","6.0","1.8","2.5","8709"
"Alexei Ramirez","157","632","591","161","29","3","13","67","63","28","78","5","13","8",".272",".309",".398",".707",".309","9.0","-1.0","2.7","5133"
"Chris Heisey","130","417","380","92","17","3","14","50","45","23","104","6","9","2",".242",".294",".413",".708",".308","-0.6","0.7","0.2","3978"
"Jack Hannahan","104","325","290","74","12","1","6","32","37","29","68","2","1","1",".255",".325",".366",".691",".308","2.6","-0.5","0.8","3692"
"Brian Roberts","50","215","196","51","12","0","4","24","23","16","32","1","8","2",".260",".318",".383",".700",".308","-2.1","0.6","0.4","166"
"Gordon Beckham","148","558","501","128","25","1","12","61","55","38","100","8","5","4",".255",".315",".381",".696",".308","1.9","-1.0","1.3","9015"
"David Ross","55","165","149","34","6","0","7","14","22","14","49","0","0","0",".228",".293",".409",".702",".307","2.5","-0.1","1.0","1551"
"Pedro Alvarez","153","606","539","117","23","2","25","68","82","63","192","1","2","1",".217",".299",".406",".705",".307","-2.8","-0.4","1.3","2495"
"Michael Saunders","131","500","444","105","21","4","14","71","51","45","122","1","18","3",".236",".304",".396",".701",".307","2.1","2.0","1.6","9981"
"Roger Bernadina","117","332","295","72","12","2","8","34","27","28","73","4","16","4",".244",".316",".380",".696",".306","0.9","1.4","0.8","6421"
"Lorenzo Cain","118","486","444","116","20","4","8","48","50","30","109","7","13","4",".261",".315",".378",".694",".306","2.3","0.6","1.3","9077"
"Francisco Cervelli","94","347","300","75","11","2","4","39","37","34","63","7","3","1",".250",".338",".340",".678",".306","0.8","-0.1","1.4","5275"
"Derek Norris","115","450","382","83","21","1","10","52","48","58","129","5","9","3",".217",".325",".356",".681",".306","-2.6","0.2","1.5","6867"
"Luis Valbuena","145","547","482","116","25","2","11","53","54","58","115","2","4","3",".241",".323",".369",".692",".306","-5.7","-0.8","0.4","4969"
"Marlon Byrd","101","396","366","95","17","3","8","43","43","18","72","9","2","2",".260",".309",".388",".697",".306","-0.2","-0.7","0.4","950"
"Stephen Drew","103","427","380","91","20","4","8","50","46","43","85","1","4","3",".239",".317",".376",".693",".306","0.0","-0.7","1.1","4251"
"Kelly Johnson","142","563","491","109","19","3","17","63","50","62","143","4","11","5",".222",".313",".377",".689",".306","0.4","-0.2","0.9","2234"
"Juan Uribe","91","308","277","64","12","1","11","32","44","24","59","4","1","1",".231",".300",".401",".700",".306","5.7","-0.4","1.4","454"
"Raul Ibanez","119","429","394","93","20","2","15","47","49","30","81","3","2","0",".236",".294",".411",".705",".306","-7.6","0.1","-0.3","607"
"Jordan Pacheco","135","548","508","139","27","3","6","48","59","29","63","6","5","3",".274",".319",".374",".693",".305","-4.4","-0.6","-1.2","2677"
"Eric Chavez","71","214","195","49","8","0","6","22","26","16","39","2","0","0",".251",".313",".385",".698",".305","-1.3","-0.2","0.2","906"
"Yuniesky Betancourt","118","445","421","111","24","3","12","45","62","17","49","1","2","2",".264",".291",".420",".712",".305","-6.0","-0.7","-0.1","8585"
"Gerald Laird","66","214","192","49","12","1","3","19","17","16","32","2","1","0",".255",".318",".375",".693",".305","0.1","0.0","0.9","1698"
"Franklin Gutierrez","106","416","382","94","18","2","13","51","49","26","83","2","9","2",".246",".296",".406",".702",".305","2.5","0.7","1.6","3255"
"Omar Infante","140","560","523","149","19","4","8","62","51","23","57","1","8","3",".285",".313",".382",".696",".305","3.6","-0.1","1.6","1609"
"Danny Espinosa","157","645","578","132","33","4","19","78","63","47","169","13","15","6",".228",".300",".398",".697",".305","6.5","0.2","2.1","9219"
"Peter Bourjos","137","470","428","106","15","9","10","59","43","25","103","8","16","5",".248",".300",".395",".694",".304","8.4","0.9","2.4","2578"
"Henry Blanco","27","81","74","17","3","0","3","6","10","7","21","0","1","0",".230",".296",".392",".688",".304","-0.8","0.1","0.2","81"
"Ruben Tejada","147","617","557","151","31","2","2","62","40","45","80","8","8","4",".271",".333",".345",".677",".303","-2.3","-0.5","1.7","5519"
"J.D. Martinez","142","565","515","131","26","2","11","60","71","41","126","4","3","2",".254",".312",".377",".688",".303","-2.5","-0.6","0.1","6184"
"Jeff Keppinger","122","475","442","122","18","1","7","51","41","25","35","3","1","1",".276",".318",".369",".687",".303","0.8","-0.6","0.7","3856"
"Steve Lombardozzi","141","530","482","129","24","7","4","60","37","30","68","6","12","6",".268",".317",".371",".688",".303","1.8","-0.4","1.1","5422"
"Josh Reddick","150","602","547","125","27","4","21","71","63","47","126","3","11","3",".229",".291",".408",".698",".303","6.3","0.6","1.3","3892"
"Reid Brignac","121","391","358","92","17","3","8","43","45","25","76","2","4","3",".257",".307",".388",".696",".303","1.1","-0.7","0.1","8380"
"Cliff Pennington","145","559","503","130","26","4","7","60","49","43","99","2","17","6",".258",".316",".368",".684",".303","3.3","0.6","1.6","3395"
"Jackie Bradley","120","513","446","104","24","2","7","61","41","53","112","11","18","8",".233",".327",".343",".671",".303","4.0","0.0","0.5","12984"
"A.J. Pollock","131","537","502","133","30","4","8","60","52","26","87","3","18","6",".265",".303",".388",".692",".302","-4.4","0.8","0.2","9256"
"Maicer Izturis","103","376","341","88","19","1","5","42","31","27","39","4","10","4",".258",".318",".364",".682",".302","-1.4","0.1","0.7","2437"
"Jason Kipnis","137","597","535","130","26","5","12","73","66","50","122","4","16","4",".243",".310",".378",".687",".302","0.3","1.2","1.7","9776"
"Andrelton Simmons","126","530","486","131","22","5","6","61","50","30","55","4","14","9",".270",".315",".372",".687",".302","6.7","-1.2","2.0","10847"
"Jose Tabata","140","537","482","123","29","4","4","72","33","42","81","6","17","11",".255",".321",".357",".678",".301","2.0","-1.4","0.8","2411"
"Josh Donaldson","132","553","506","120","27","1","16","68","69","40","112","4","6","3",".237",".297",".389",".686",".301","0.8","-0.4","1.4","5038"
"Jordany Valdespin","133","461","429","112","17","4","10","55","43","20","93","5","21","15",".261",".300",".389",".689",".301","-3.3","-2.1","0.3","5098"
"Dioner Navarro","69","208","187","44","8","1","7","21","24","16","29","1","1","2",".235",".298",".401",".699",".301","0.0","-0.7","0.3","3179"
"Freddy Galvis","100","387","358","95","19","3","5","37","38","18","57","4","8","6",".265",".306",".377",".683",".301","6.2","-1.1","1.2","6609"
"Lonnie Chisenhall","118","470","436","108","24","3","11","50","57","26","98","5","2","1",".248",".296",".392",".688",".301","2.9","-0.3","1.4","7571"
"Tyler Moore","126","433","402","90","22","2","18","41","62","25","130","3","2","0",".224",".273",".423",".695",".300","-1.0","0.2","0.4","7244"
"Sean Rodriguez","122","386","337","75","18","2","9","44","41","32","91","10","10","3",".223",".307",".368",".675",".300","5.5","0.5","1.2","6589"
"Ryan Doumit","119","450","411","99","24","1","11","40","54","31","85","6","1","0",".241",".302",".384",".687",".300","0.0","-0.1","0.0","2113"
"Placido Polanco","103","408","375","105","15","0","3","33","29","26","28","2","1","0",".280",".328",".344",".672",".300","3.1","-0.2","0.9","1176"
"Andres Torres","121","415","369","87","23","5","5","53","35","38","94","3","12","4",".236",".311",".366",".677",".300","3.6","0.5","0.9","1488"
"Mike Aviles","121","457","430","112","20","2","11","48","46","19","65","2","12","5",".260",".293",".393",".686",".300","2.7","0.1","1.3","5986"
"Kevin Frandsen","122","462","430","118","25","2","4","47","43","14","43","11","4","4",".274",".312",".370",".682",".299","0.0","-1.1","0.5","7528"
"Lyle Overbay","106","360","325","76","19","1","9","34","39","32","83","1","1","0",".234",".303",".382",".684",".299","-1.8","-0.1","-0.5","1617"
"Nick Hundley","88","333","304","73","20","3","7","34","37","22","84","2","1","3",".240",".294",".395",".689",".299","-0.8","-1.2","1.2","3376"
"Craig Gentry","113","331","295","75","12","4","3","45","25","20","60","9","20","4",".254",".319",".353",".672",".299","12.6","2.1","1.8","9571"
"Jesus Montero","141","573","535","138","21","1","15","53","63","32","106","3","0","1",".258",".302",".385",".687",".299","-6.9","-0.8","1.4","5514"
"Alfredo Marte","120","469","434","108","23","3","10","49","51","24","104","7","5","4",".249",".297",".385",".682",".299","-2.7","-0.9","-0.4","5212"
"Shane Robinson","96","255","230","58","11","2","3","33","22","19","37","3","5","1",".252",".316",".357",".673",".298","2.0","0.4","0.6","4249"
"Marco Scutaro","131","554","505","136","26","3","4","53","46","33","46","3","5","3",".269",".316",".356",".672",".298","0.6","-0.6","1.1","1555"
"Zack Cozart","138","598","554","133","28","4","18","78","53","31","112","4","9","2",".240",".283",".403",".685",".298","5.5","0.6","1.8","2616"
"Logan Schafer","117","426","391","100","18","6","5","44","35","23","73","5","10","5",".256",".304",".371",".675",".298","0.0","-0.3","0.4","7937"
"Carlos Gomez","134","433","400","97","18","4","12","56","41","20","93","5","25","6",".243",".286",".398",".683",".297","6.3","2.3","1.6","4881"
"Elliot Johnson","100","310","279","71","11","3","5","33","31","19","67","2","15","6",".254",".305",".369",".674",".297","-3.1","0.4","0.2","4751"
"Scott Sizemore","100","403","357","82","19","2","8","47","37","36","105","4","5","3",".230",".306",".361",".667",".297","-2.7","-0.5","0.5","2881"
"Brayan Pena","65","210","196","52","11","1","3","18","25","9","23","1","1","1",".265",".300",".378",".677",".297","-1.8","-0.4","0.6","3231"
"Jonathan Herrera","104","337","299","78","9","3","4","45","22","25","45","2","4","4",".261",".320",".351",".671",".297","0.0","-1.1","-0.1","4182"
"Kirk Nieuwenhuis","107","402","365","85","21","3","9","54","36","30","123","3","7","4",".233",".295",".381",".676",".297","-0.1","-0.5","0.6","6400"
"Gregor Blanco","122","411","351","82","15","3","3","52","28","51","90","2","18","4",".234",".333",".319",".652",".297","4.3","1.6","0.9","3123"
"Matt Dominguez","152","594","551","139","29","2","12","60","66","34","80","4","0","1",".252",".299",".377",".676",".297","5.9","-0.8","1.4","4903"
"Justin Smoak","139","560","494","111","19","0","15","54","55","60","122","3","1","0",".225",".311",".354",".665",".296","0.0","-0.3","0.1","9054"
"Alcides Escobar","157","635","585","157","28","7","6","70","55","30","80","5","30","5",".268",".307",".371",".678",".296","1.2","3.5","2.1","6310"
"Marwin Gonzalez","122","414","378","97","19","2","6","44","35","26","65","2","5","5",".257",".306",".365",".671",".296","-3.0","-1.3","0.6","5497"
"Shelley Duncan","104","351","314","69","12","0","12","35","48","32","82","3","1","1",".220",".296",".373",".669",".296","-2.7","-0.5","-0.4","3620"
"Erik Kratz","98","359","330","76","20","0","12","38","44","21","75","5","1","0",".230",".284",".400",".684",".296","-2.6","0.0","0.8","4403"
"Ryan Raburn","103","357","325","75","21","1","9","40","31","24","93","4","2","2",".231",".290",".385",".675",".296","-2.2","-0.6","0.1","2218"
"Ezequiel Carrera","137","535","483","128","17","5","4","66","41","35","87","4","27","8",".265",".318",".346",".664",".295","3.5","1.8","0.9","9048"
"Chris Coghlan","117","452","405","98","20","3","6","53","37","39","76","4","8","4",".242",".313",".351",".664",".295","-4.8","-0.3","-0.1","6878"
"Ichiro Suzuki","148","620","585","159","23","4","11","80","59","26","57","1","26","6",".272",".301",".381",".683",".295","1.8","2.4","0.4","1101"
"Anthony Recker","88","330","298","67","16","1","9","34","35","27","92","2","3","2",".225",".292",".376",".668",".295","-3.6","-0.4","-0.1","4063"
"Hank Conger","99","380","346","86","17","1","7","34","38","26","69","3","1","1",".249",".305",".364",".669",".295","-3.5","-0.5","0.4","2505"
"Brandon Crawford","133","494","442","106","23","3","7","54","45","41","110","6","3","4",".240",".312",".353",".665",".295","6.5","-1.4","1.9","5343"
"Chris Dickerson","86","265","232","53","11","2","4","32","19","28","72","1","12","3",".228",".312",".345",".657",".294","0.0","1.0","-0.4","7095"
"Jason Giambi","54","118","101","20","4","0","4","9","12","14","35","2","0","0",".198",".305",".356",".662",".294","-3.6","-0.1","-0.8","818"
"Dave Sappelt","144","566","521","134","25","5","7","56","45","34","90","3","12","10",".257",".305",".365",".669",".294","-0.2","-2.0","0.2","6898"
"Julio Borbon","111","459","425","114","15","5","5","52","40","22","62","3","17","5",".268",".307",".362",".669",".294","1.7","1.1","-0.8","3209"
"Austin Kearns","84","226","191","40","7","1","4","25","15","28","58","5","2","2",".209",".324",".319",".644",".294","-1.8","-0.6","-0.2","332"
"DeWayne Wise","103","265","249","60","11","4","7","28","26","11","65","2","12","3",".241",".277",".402",".678",".294","1.1","1.0","0.4","1554"
"Jerry Hairston","84","277","249","61","12","1","4","23","24","22","32","3","2","2",".245",".312",".349",".661",".294","-0.2","-0.6","0.0","144"
"Skip Schumaker","125","389","348","89","16","2","2","42","30","34","52","3","2","2",".256",".326",".330",".656",".294","-6.9","-0.7","-0.3","3704"
"Alexi Casilla","104","318","289","73","16","4","2","39","25","21","47","2","17","3",".253",".306",".356",".662",".293","-2.5","2.0","0.3","5248"
"Michael Taylor","111","470","420","97","20","2","9","55","49","44","107","3","10","3",".231",".306",".352",".659",".293","-1.7","0.4","0.4","2591"
"Mark Ellis","119","476","434","112","19","1","5","50","36","27","72","9","8","3",".258",".314",".341",".655",".292","4.8","0.0","1.3","1443"
"Russell Martin","124","467","408","89","18","0","11","46","42","49","72","6","8","3",".218",".310",".343",".653",".292","-0.9","0.0","1.3","4616"
"Jason Bay","99","367","320","68","10","1","10","43","33","40","99","5","7","1",".213",".308",".344",".652",".292","0.5","0.7","0.3","1717"
"Rob Brantly","135","542","502","128","30","1","8","45","45","30","81","4","1","3",".255",".299",".367",".666",".292","2.5","-1.4","1.5","10655"
"Steve Clevenger","104","329","303","77","18","2","3","29","32","22","51","1","1","2",".254",".305",".356",".661",".292","-2.6","-0.8","-0.2","9542"
"Collin Cowgill","122","501","458","109","21","4","10","54","58","34","102","4","14","4",".238",".295",".367",".661",".291","0.8","0.9","0.8","7250"
"Eduardo Nunez","120","420","388","102","17","2","5","46","35","20","59","5","20","7",".263",".305",".356",".660",".291","-5.2","0.9","0.0","6848"
"Ben Revere","151","652","603","168","13","7","1","74","38","36","67","4","45","14",".279",".322",".328",".650",".291","3.9","2.9","1.4","4712"
"Brett Wallace","148","573","518","118","23","1","15","61","55","40","175","12","1","1",".228",".297",".363",".660",".291","-2.4","-0.6","-0.8","8434"
"Ben Francisco","93","255","228","51","12","1","5","25","25","21","50","4","4","2",".224",".299",".351",".650",".291","-1.8","-0.2","-0.5","4677"
"Justin Sellers","95","349","306","68","13","2","7","32","28","33","75","4","3","2",".222",".304",".346",".651",".291","-1.9","-0.5","0.6","4006"
"James Loney","154","541","496","125","27","1","8","50","63","40","68","1","5","3",".252",".307",".359",".666",".290","5.1","-0.6","0.2","4556"
"Eric Sogard","114","465","420","104","16","3","5","57","35","36","60","5","12","4",".248",".313",".336",".649",".290","-3.2","0.4","0.4","7927"
"Lou Marson","87","299","257","58","12","2","2","32","21","36","64","2","5","2",".226",".323",".311",".635",".290","-1.8","-0.1","0.3","7610"
"Everth Cabrera","123","514","452","112","17","5","3","65","31","46","103","4","35","10",".248",".321",".327",".648",".290","-3.1","2.6","1.3","8155"
"Miguel Olivo","101","364","346","81","14","2","14","41","50","14","101","1","4","4",".234",".264",".408",".672",".290","-0.9","-1.0","0.3","1638"
"Ty Wigginton","120","386","351","81","14","1","10","40","44","29","78","4","2","1",".231",".295",".362",".657",".290","-4.4","-0.3","-0.2","1491"
"Rajai Davis","126","443","413","106","23","4","4","53","37","20","84","6","37","11",".257",".299",".361",".659",".290","2.3","2.7","0.4","3708"
"Jamey Carroll","122","439","388","99","13","3","1","49","24","40","52","3","7","3",".255",".328",".312",".640",".290","1.0","-0.2","0.5","1591"
"Chris Getz","101","355","323","87","16","4","0","46","29","18","36","2","13","4",".269",".310",".344",".654",".290","-2.8","0.7","0.2","3388"
"Dustin Ackley","154","666","596","139","23","5","11","93","50","62","112","3","9","3",".233",".307",".344",".651",".289","6.0","0.1","1.9","10099"
"Matt Tuiasosopo","117","428","380","86","14","1","9","50","46","40","119","4","4","3",".226",".305",".339",".645",".289","0.0","-0.7","-0.2","8272"
"Ryan Roberts","131","462","411","95","17","1","9","47","41","43","91","2","11","6",".231",".305",".343",".648",".289","1.4","-0.5","0.8","5653"
"Daniel Descalso","146","486","438","109","23","4","4","57","43","35","77","4","8","3",".249",".308",".347",".655",".288","-2.1","0.0","0.4","8392"
"Jason Castro","109","408","368","86","19","1","7","48","36","35","89","2","1","1",".234",".302",".348",".650",".288","1.6","-0.5","0.9","8722"
"Jayson Nix","99","318","289","64","13","1","11","32","34","18","85","4","5","2",".221",".274",".388",".661",".288","-3.5","0.0","0.0","3790"
"Blake DeWitt","91","269","241","55","12","4","4","25","24","22","47","2","1","1",".228",".296",".361",".657",".288","0.0","-0.4","0.1","7485"
"Hector Gimenez","86","341","311","70","16","1","11","33","44","24","83","0","2","1",".225",".277",".389",".666",".287","1.8","-0.2","0.8","2172"
"Josh Harrison","129","435","400","103","20","4","4","54","37","16","54","7","11","5",".258",".296",".358",".653",".287","-2.9","-0.1","0.0","8202"
"Jeff Baker","77","201","186","45","10","1","3","19","23","14","46","0","2","0",".242",".294",".355",".648",".287","0.0","0.3","-0.3","2073"
"Martin Maldonado","112","407","368","85","18","0","9","34","46","23","102","9","1","3",".231",".291",".353",".644",".287","3.6","-1.3","0.2","6887"
"Mark DeRosa","58","146","123","27","7","0","2","19","18","15","30","3","1","0",".220",".310",".325",".636",".286","-4.0","0.1","-0.4","1392"
"Greg Dobbs","119","345","320","80","13","1","7","28","36","18","57","3","2","1",".250",".294",".363",".656",".286","-7.9","-0.3","-1.6","2158"
"Alex Gonzalez","94","369","341","79","17","1","11","38","50","17","74","4","1","1",".232",".273",".384",".657",".286","0.5","-0.4","-0.1","520"
"Jose Iglesias","124","484","445","120","17","1","2","45","32","22","65","6","12","4",".270",".311",".326",".637",".285","8.0","0.4","1.3","10231"
"Cameron Maybin","142","562","506","116","22","6","9","73","46","42","119","6","23","5",".229",".294",".350",".644",".284","4.0","2.2","1.4","5223"
"Rick Ankiel","100","299","273","58","14","1","10","31","34","21","108","2","4","2",".212",".272",".381",".653",".284","-2.4","-0.2","-0.5","1142"
"Jose Molina","83","236","213","50","10","0","4","22","21","18","52","1","3","1",".235",".296",".338",".634",".283","0.9","0.0","0.8","25"
"Leury Garcia","109","460","425","111","15","8","2","45","30","20","106","3","24","10",".261",".297",".348",".645",".283","3.5","0.5","-0.1","5913"
"Donovan Solano","137","489","451","117","20","3","3","42","33","28","75","3","7","0",".259",".305",".337",".642",".283","2.0","1.0","0.5","8623"
"Ramon Santiago","93","276","247","59","7","3","4","22","20","17","42","4","1","1",".239",".297",".340",".637",".283","0.5","-0.4","0.2","1417"
"Ryan Hanigan","100","345","296","70","10","0","4","27","28","41","37","3","0","2",".236",".332",".311",".643",".283","5.2","-1.1","1.1","4952"
"Tim Federowicz","111","457","413","95","22","1","7","43","45","37","105","3","1","1",".230",".296",".339",".635",".283","4.4","-0.5","1.5","8609"
"Nate Freiman","131","550","503","116","24","1","12","53","66","36","126","6","1","1",".231",".287",".354",".641",".282","-4.5","-0.6","-1.2","6582"
"Pedro Florimon","146","539","484","116","21","4","5","51","47","40","146","5","12","9",".240",".303",".331",".633",".282","-3.7","-1.6","0.2","8385"
"Yunel Escobar","141","595","532","126","21","1","8","57","45","48","79","4","4","3",".237",".303",".325",".628",".282","4.8","-0.9","1.5","4191"
"Reed Johnson","105","239","222","53","13","2","3","23","17","7","55","8","2","2",".239",".286",".356",".642",".282","-1.8","-0.6","-0.4","1702"
"Hector Sanchez","100","339","321","81","17","1","5","33","50","15","72","1","0","1",".252",".286",".358",".644",".282","0.0","-0.6","0.5","10289"
"Juan Pierre","141","560","505","135","11","4","1","65","30","26","35","10","32","12",".267",".314",".311",".625",".281","0.5","1.2","-0.5","443"
"Jose Lobaton","82","267","237","53","12","0","4","19","24","26","66","1","0","0",".224",".302",".325",".627",".281","-2.5","-0.2","0.2","4243"
"Emilio Bonifacio","116","460","420","103","20","6","2","53","25","32","102","1","25","5",".245",".299",".336",".635",".281","-5.4","2.7","-0.2","4054"
"Ramiro Pena","107","337","307","75","11","2","4","33","33","22","65","2","4","2",".244",".297",".332",".630",".281","3.8","-0.3","0.5","8841"
"Chris Valaika","112","416","390","97","21","2","5","38","37","17","81","4","2","2",".249",".286",".351",".637",".281","-2.6","-0.7","-0.6","1165"
"Chad Tracy","82","170","156","38","7","0","3","11","18","12","32","1","0","0",".244",".300",".346",".646",".281","-2.0","-0.1","-0.5","1888"
"Jarrod Dyson","111","393","356","88","15","6","1","51","22","26","68","2","36","7",".247",".301",".331",".632",".280","3.6","4.1","0.5","4866"
"Tony Cruz","75","247","228","54","13","1","4","23","25","15","51","1","0","2",".237",".285",".355",".640",".280","3.5","-1.0","0.3","2802"
"Angel Sanchez","104","380","341","84","12","2","3","41","33","28","47","2","4","2",".246",".306",".320",".625",".280","-3.5","-0.3","-0.6","3492"
"Yan Gomes","100","370","345","75","19","1","11","34","44","19","105","4","2","0",".217",".265",".374",".639",".280","-1.0","0.2","0.7","9627"
"Josh Wilson","103","343","316","74","18","3","4","36","30","18","78","5","4","2",".234",".284",".348",".633",".280","-1.4","-0.2","-0.4","2102"
"Pedro Ciriaco","128","489","468","125","23","4","4","54","49","11","86","1","21","8",".267",".284",".359",".643",".280","2.7","0.7","0.4","5278"
"Don Kelly","103","251","229","54","6","2","4","26","19","17","35","2","4","1",".236",".293",".332",".625",".279","-0.3","0.2","-0.4","2216"
"Ramon Hernandez","60","215","198","46","10","0","5","13","24","12","34","3","0","1",".232",".285",".359",".644",".279","-1.8","-0.5","0.0","918"
"Munenori Kawasaki","100","401","367","98","11","3","1","55","35","19","56","3","14","7",".267",".305",".322",".627",".278","-0.9","-0.3","0.2","13047"
"Alberto Gonzalez","88","218","202","51","9","2","3","22","19","9","34","2","1","1",".252",".287",".361",".648",".278","-2.3","-0.3","-0.4","4906"
"Guillermo Quiroz","81","293","267","61","12","2","5","30","35","19","74","3","0","1",".228",".285",".345",".630",".278","-2.6","-0.6","-0.3","7989"
"Wilkin Ramirez","117","439","410","91","17","4","12","46","43","22","142","3","12","7",".222",".265",".371",".636",".278","-1.8","-0.6","-0.6","5219"
"Darin Mastroianni","126","466","417","99","14","4","3","52","28","40","94","2","30","9",".237",".305",".312",".617",".278","1.6","2.1","0.3","7316"
"Brian Dozier","144","604","550","132","22","5","7","63","55","37","99","4","12","7",".240",".290",".336",".627",".277","-1.1","-0.8","0.0","9810"
"Carlos Corporan","58","198","181","42","7","1","4","15","21","10","49","4","0","1",".232",".286",".348",".634",".277","-0.1","-0.5","0.2","5587"
"Brandon Barnes","143","531","485","105","27","3","11","55","47","36","163","4","9","4",".216",".275",".353",".627",".277","-1.2","-0.1","-0.8","629"
"Nick Noonan","126","497","457","115","18","3","3","53","44","32","98","2","5","3",".252",".302",".324",".625",".277","-4.3","-0.6","-0.5","6880"
"Chris Stewart","76","233","210","49","10","0","3","23","19","15","32","4","3","0",".233",".296",".324",".619",".277","0.0","0.4","0.3","3878"
"Joaquin Arias","114","341","321","83","13","3","3","37","34","12","45","3","5","1",".259",".290",".346",".636",".276","-3.0","0.4","-0.4","3817"
"Blake Lalli","107","385","358","87","16","0","6","38","41","24","70","1","0","2",".243",".291",".338",".629",".276","0.0","-1.1","-1.0","9246"
"Adeiny Hechavarria","147","618","579","143","22","7","6","58","46","30","117","2","9","5",".247",".285",".340",".625",".276","3.6","-0.6","0.6","10459"
"Ryan Flaherty","121","436","403","88","16","2","12","42","48","25","109","4","4","3",".218",".270",".357",".627",".275","-0.4","-0.7","-0.5","7888"
"Ryan Jackson","122","495","449","108","21","3","4","42","39","34","96","1","3","2",".241",".294",".327",".621",".275","1.8","-0.6","0.0","6596"
"Drew Stubbs","146","596","538","117","20","3","12","68","45","47","191","4","31","7",".217",".284",".333",".616",".275","2.9","3.0","0.0","9328"
"John Baker","52","170","152","36","6","1","1","15","10","15","34","1","1","0",".237",".308",".309",".617",".274","-2.6","0.1","0.0","4756"
"Ronny Cedeno","113","358","331","78","17","3","5","36","34","20","80","1","4","3",".236",".280",".350",".630",".274","-1.3","-0.6","-0.2","2179"
"Pete Kozma","153","591","542","125","25","4","9","59","63","39","125","1","6","3",".231",".281",".341",".622",".274","2.6","-0.4","0.7","2539"
"Eduardo Escobar","127","472","438","110","17","4","4","46","41","20","99","1","8","6",".251",".284",".336",".619",".273","2.6","-1.1","0.2","6153"
"Aaron Hicks","140","611","542","113","20","6","9","73","48","63","166","1","17","11",".208",".291",".317",".608",".273","2.5","-1.4","0.0","5297"
"Jordan Schafer","103","373","332","75","13","2","4","45","22","32","96","2","22","7",".226",".296",".313",".609",".273","-0.9","1.3","-0.3","9883"
"Alexi Amarista","145","530","497","121","26","6","4","55","52","23","76","2","12","7",".243",".278",".344",".622",".273","2.5","-0.7","0.3","9063"
"J.B. Shuck","131","474","427","104","14","4","0","50","28","41","58","1","11","7",".244",".309",".295",".604",".272","2.6","-1.0","-0.1","6677"
"Miguel Tejada","53","197","184","46","10","0","2","17","17","9","22","2","2","2",".250",".291",".337",".628",".272","-0.9","-0.5","-0.4","941"
"Andy Parrino","119","420","372","78","19","3","5","46","34","39","117","5","4","2",".210",".292",".317",".609",".270","0.0","-0.3","-0.1","3972"
"Sam Fuld","100","308","275","61","10","4","2","39","18","27","40","1","12","5",".222",".292",".309",".601",".269","4.7","0.2","0.2","8254"
"Josh Prince","105","428","388","88","18","2","4","46","28","31","98","2","22","11",".227",".285",".314",".600",".269","-0.4","-0.3","-0.7","6746"
"Luis Cruz","132","521","497","121","25","3","8","44","51","15","67","3","2","2",".243",".267",".354",".621",".269","16.0","-0.7","1.5","3188"
"Clint Barmes","134","469","430","97","22","1","8","40","41","24","90","6","3","3",".226",".274",".337",".612",".267","6.4","-0.9","0.7","1830"
"John McDonald","71","207","190","44","8","1","3","13","17","13","28","1","1","2",".232",".283",".332",".615",".267","-0.1","-0.7","-0.2","395"
"Kyle Skipworth","109","434","402","84","14","2","13","47","47","25","152","4","1","3",".209",".260",".351",".611",".266","-3.5","-1.3","-0.9","5298"
"Brendan Ryan","135","473","417","93","15","3","3","51","32","38","90","5","13","3",".223",".293",".295",".588",".266","10.8","1.0","1.7","6073"
"Brendan Harris","115","430","392","88","18","2","4","38","33","26","73","5","1","2",".224",".279",".311",".590",".264","-3.5","-0.9","-0.7","2178"
"Taylor Teagarden","50","180","161","30","6","1","5","15","18","14","74","2","0","0",".186",".258",".329",".588",".262","-0.1","-0.1","0.0","5199"
"Cody Ransom","96","340","304","55","14","1","9","27","34","29","121","3","3","1",".181",".257",".322",".580",".260","-3.3","0.0","-0.6","1126"
"Wil Nieves","61","189","176","42","5","0","3","14","16","8","36","1","1","1",".239",".274",".318",".592",".259","-0.9","-0.3","-0.5","1556"
"Robert Andino","123","451","410","89","18","1","5","47","28","30","99","2","8","3",".217",".273",".302",".575",".258","-0.2","0.1","-0.2","4900"
"Cesar Izturis","77","238","221","54","6","2","1","19","16","10","24","2","4","2",".244",".282",".303",".585",".258","1.4","-0.2","-0.3","656"
"Andrew Romine","115","454","410","93","10","4","3","42","27","27","88","4","15","7",".227",".279",".293",".572",".256","-0.9","-0.1","-0.5","1159"
"Humberto Quintero","72","242","231","53","14","0","3","18","22","6","54","3","0","0",".229",".257",".329",".586",".256","0.0","-0.1","-0.1","1824"
"Endy Chavez","67","216","203","48","7","1","2","15","11","8","26","1","5","2",".236",".268",".310",".578",".256","0.0","0.1","-0.2","768"
"Omir Santos","57","182","173","39","8","1","2","13","15","4","36","2","0","0",".225",".250",".318",".568",".250","-0.9","-0.1","-0.4","3583"
"Derrick Robinson","126","514","469","105","11","4","2","50","28","32","112","2","30","12",".224",".275",".277",".552",".248","2.6","0.9","-1.4","2784"
"Brent Lillibridge","108","264","243","48","7","1","5","30","22","14","77","4","12","4",".198",".252",".296",".548",".246","-2.8","0.6","-1.0","3501"
